Number,Title,Year,structure,Metal 1,Metal 2,Metal 3,Organic ligands 1,Organic ligands 2,MOL(M1),MOL(M2),MOL(M3),MOL(O1),MOL(O2),current density,capacity,Time,Cycle(Cu),CE,1@1,DOD(1@1),CPC(Cu) 2@1,CE(2@1),CPC(Cu) 1@1,CE(1@1)
1,¦Ð-¦Ð Stacking Induces Fast Zinc Ion Flux for High Power Zinc Ion Devices,2024,s-MOF,[Mn],[Mn],[Mn],O=C(O)C1=CC=C(C(=O)O)C=C1,[O],0.25,0,0,0.75,0,10,1,500,,,,0.0085,,,,
1,¦Ð-¦Ð Stacking Induces Fast Zinc Ion Flux for High Power Zinc Ion Devices,2024,s-MOF,[Mn],[Mn],[Mn],O=C(O)C1=CC=C(C(=O)O)C=C1,[O],0.25,0,0,0.75,0,30,1,60,,,,0.0085,,,,
1,¦Ð-¦Ð Stacking Induces Fast Zinc Ion Flux for High Power Zinc Ion Devices,2024,s-MOF,[Mn],[Mn],[Mn],O=C(O)C1=CC=C(C(=O)O)C=C1,[O],0.25,0,0,0.75,0,10,1,,1200,,,0.0085,,,,
1,¦Ð-¦Ð Stacking Induces Fast Zinc Ion Flux for High Power Zinc Ion Devices,2024,s-MOF,[Mn],[Mn],[Mn],O=C(O)C1=CC=C(C(=O)O)C=C1,[O],0.25,0,0,0.75,0,20,1,,1000,,,0.0085,,,,
1,¦Ð-¦Ð Stacking Induces Fast Zinc Ion Flux for High Power Zinc Ion Devices,2024,¦Ð-MOF,[Mn],[Mn],[Mn],O=C(O)C1=CC=C(C2=CC=C(C(=O)O)C=C2)C=C1,[O],0.25,0,0,0.75,0,10,1,1900,,,,0.0085,,,,
1,¦Ð-¦Ð Stacking Induces Fast Zinc Ion Flux for High Power Zinc Ion Devices,2024,¦Ð-MOF,[Mn],[Mn],[Mn],O=C(O)C1=CC=C(C2=CC=C(C(=O)O)C=C2)C=C1,[O],0.25,0,0,0.75,0,30,1,550,,,,0.0085,,,,
1,¦Ð-¦Ð Stacking Induces Fast Zinc Ion Flux for High Power Zinc Ion Devices,2024,¦Ð-MOF,[Mn],[Mn],[Mn],O=C(O)C1=CC=C(C2=CC=C(C(=O)O)C=C2)C=C1,[O],0.25,0,0,0.75,0,10,1,,3400,0.9976,,0.0085,,,,
1,¦Ð-¦Ð Stacking Induces Fast Zinc Ion Flux for High Power Zinc Ion Devices,2024,¦Ð-MOF,[Mn],[Mn],[Mn],O=C(O)C1=CC=C(C2=CC=C(C(=O)O)C=C2)C=C1,[O],0.25,0,0,0.75,0,20,1,,3000,,,0.0085,,,,
2,"Engineering the conductive network of missing-linker metal-organic
framework for improved performance in aqueous zinc-ion batteries",2024,ZIF-8-Fc,[Zn],[Zn],[Zn],CC1=NC=CN1,O=C(O)C1=CC=CC1[Fe]C1C=CC=C1,0.23,0,0,0.75,0.02,0.25,1,4000,,,,,,,,
2,"Engineering the conductive network of missing-linker metal-organic
framework for improved performance in aqueous zinc-ion batteries",2024,ZIF-8-Fc,[Zn],[Zn],[Zn],CC1=NC=CN1,O=C(O)C1=CC=CC1[Fe]C1C=CC=C1,0.23,0,0,0.75,0.02,5,5,800,,,,,,,,
3,"Tailoring an Ion-Sieving Interface to Boost Zn2+ Desolvation Kinetics
for Dendrite-Free Zinc Anodes",2024,MOF5-1,[Zn],[Zn],[Zn],O=C(O)C1=CC=C(C(=O)O)C=C1,O=C(O)CN(CCN(CC(=O)O)CC(=O)O)CC(=O)O,0.6,0,0,0.3,0.1,5,1,1200,,,,,,,650,0.997
3,"Tailoring an Ion-Sieving Interface to Boost Zn2+ Desolvation Kinetics
for Dendrite-Free Zinc Anodes",2024,MOF5-1,[Zn],[Zn],[Zn],O=C(O)C1=CC=C(C(=O)O)C=C1,O=C(O)CN(CCN(CC(=O)O)CC(=O)O)CC(=O)O,0.6,0,0,0.3,0.1,20,1,1000,,,,,,,650,0.997
3,"Tailoring an Ion-Sieving Interface to Boost Zn2+ Desolvation Kinetics
for Dendrite-Free Zinc Anodes",2024,MOF5-1,[Zn],[Zn],[Zn],O=C(O)C1=CC=C(C(=O)O)C=C1,O=C(O)CN(CCN(CC(=O)O)CC(=O)O)CC(=O)O,0.6,0,0,0.3,0.1,20,5,200,,,,,,,650,0.997
3,"Tailoring an Ion-Sieving Interface to Boost Zn2+ Desolvation Kinetics
for Dendrite-Free Zinc Anodes",2024,MOF5-1,[Zn],[Zn],[Zn],O=C(O)C1=CC=C(C(=O)O)C=C1,O=C(O)CN(CCN(CC(=O)O)CC(=O)O)CC(=O)O,0.6,0,0,0.3,0.1,1,1,,650,0.997,,,,,650,0.997
3,"Tailoring an Ion-Sieving Interface to Boost Zn2+ Desolvation Kinetics
for Dendrite-Free Zinc Anodes",2024,MOF5-0,[Zn],[Zn],[Zn],O=C(O)C1=CC=C(C(=O)O)C=C1,[O],0.67,0,0,0.33,0,5,5,348,,,,,,,650,0.997
3,"Tailoring an Ion-Sieving Interface to Boost Zn2+ Desolvation Kinetics
for Dendrite-Free Zinc Anodes",2024,MOF5-0,[Zn],[Zn],[Zn],O=C(O)C1=CC=C(C(=O)O)C=C1,[O],0.67,0,0,0.33,0,20,1,200,,,,,,,650,0.997
3,"Tailoring an Ion-Sieving Interface to Boost Zn2+ Desolvation Kinetics
for Dendrite-Free Zinc Anodes",2024,MOF5-0,[Zn],[Zn],[Zn],O=C(O)C1=CC=C(C(=O)O)C=C1,[O],0.67,0,0,0.33,0,20,5,90,,,,,,,650,0.997
3,"Tailoring an Ion-Sieving Interface to Boost Zn2+ Desolvation Kinetics
for Dendrite-Free Zinc Anodes",2024,MOF5-0,[Zn],[Zn],[Zn],O=C(O)C1=CC=C(C(=O)O)C=C1,[O],0.67,0,0,0.33,0,1,1,,290,,,,,,650,0.997
4,"Additive Manufacturing ofGrid Reservoir-Integrated Anodes
for Dendrite-Free, Safe, and Ultra-Low Voltage Zinc-Ion
Batteries",2024,MPC,[Zr],[Zr],[Zr],NC1=C(C=O)C=CC(C(=O)O)=C1,CCCCCCCCCCCCCCC[Si](COC)(OC)OC,0.42,0,0,0.42,0.16,1,1,200,,,200,0.017,,,,
5,"Inherited construction of porous zinc hydroxide
sulfate layer for stable dendrite-free Zn anode?",2024,ZHS-3h,[Zn],[Zn],[Zn],CC1=CNC=CN1,[O],0.33,0,0,0.67,0,10,5,1100,,,2800,0.017,,,,
5,"Inherited construction of porous zinc hydroxide
sulfate layer for stable dendrite-free Zn anode?",2024,ZHS-3h,[Zn],[Zn],[Zn],CC1=CNC=CN1,[O],0.33,0,0,0.67,0,1,1,2800,,,2800,0.017,,,,
5,"Inherited construction of porous zinc hydroxide
sulfate layer for stable dendrite-free Zn anode?",2024,ZHS-3h,[Zn],[Zn],[Zn],CC1=CNC=CN1,[O],0.33,0,0,0.67,0,5,2,,1600,0.997,2800,0.017,,,,
5,"Inherited construction of porous zinc hydroxide
sulfate layer for stable dendrite-free Zn anode?",2024,ZHS-3h,[Zn],[Zn],[Zn],CC1=CNC=CN1,[O],0.33,0,0,0.67,0,,,,,,2800,0.017,,,,
5,"Inherited construction of porous zinc hydroxide
sulfate layer for stable dendrite-free Zn anode?",2024,ZHS-3h,[Zn],[Zn],[Zn],CC1=CNC=CN1,[O],0.33,0,0,0.67,0,,,,,,2800,0.017,,,,
6,Optimizing Porous Metal?Organic Layers for Stable Zinc Anodes,2023,compound 3-2D,[Zr],[Zr],[Zr],O=C(O)C1=CC=C(C2=CC=C(C3=CC(C4=CC=C(C5=CC=C(C(=O)O)C=C5)C=C4)=CC(C4=CC=C(C5=CC=C(C(=O)O)C=C5)C=C4)=C3)C=C2)C=C1,[O],0.9,0,0,0.1,0,0.5,0.5,2000,,,,0.017,,,,
6,Optimizing Porous Metal?Organic Layers for Stable Zinc Anodes,2023,compound 2-2D,[Zr],[Zr],[Zr],O=C(O)C1=CC=C(C2=CC(C3=CC=C(C(=O)O)C=C3)=CC(C3=CC=C(C(=O)O)C=C3)=C2)C=C1,[O],0.84,0,0,0.16,0,0.5,0.5,470,,,,0.017,,,,
6,Optimizing Porous Metal?Organic Layers for Stable Zinc Anodes,2023,compound 1-2D,[Zr],[Zr],[Zr],O=C(O)C1=CC(C(=O)O)=CC(C(=O)O)=C1,[O],0.68,0,0,0.32,0,0.5,0.5,900,,,,0.017,,,,
7,"An in-situ grown high-efficiency Zn-terephthalate metal¨Corganic
framework/ZnO hybrid interface protection layer to achieve highly
reversible dendrite-free Zn anodes",2023,Zn-TPA-MOF/ZnO,[Zn],[Zn],[Zn],CC(=O)C1=CC=C(C(=O)O)C=C1,[O],0.94,0,0,0.06,0,1,1,3000,,,3000,0.017,2000,0.9964,,
7,"An in-situ grown high-efficiency Zn-terephthalate metal¨Corganic
framework/ZnO hybrid interface protection layer to achieve highly
reversible dendrite-free Zn anodes",2023,Zn-TPA-MOF/ZnO,[Zn],[Zn],[Zn],CC(=O)C1=CC=C(C(=O)O)C=C1,[O],0.94,0,0,0.06,0,5,2,2600,,,3000,0.017,2000,0.9964,,
7,"An in-situ grown high-efficiency Zn-terephthalate metal¨Corganic
framework/ZnO hybrid interface protection layer to achieve highly
reversible dendrite-free Zn anodes",2023,Zn-TPA-MOF/ZnO,[Zn],[Zn],[Zn],CC(=O)C1=CC=C(C(=O)O)C=C1,[O],0.94,0,0,0.06,0,2,1,,2000,0.9964,3000,0.017,2000,0.9964,,
7,"An in-situ grown high-efficiency Zn-terephthalate metal¨Corganic
framework/ZnO hybrid interface protection layer to achieve highly
reversible dendrite-free Zn anodes",2023,Zn-TPA-MOF/ZnO,[Zn],[Zn],[Zn],CC(=O)C1=CC=C(C(=O)O)C=C1,[O],0.94,0,0,0.06,0,0.5,0.25,,4200,0.9965,3000,0.017,2000,0.9964,,
8,Quasi?Solid Electrolyte Interphase Boosting Charge and Mass Transfer for Dendrite?Free Zinc Battery,2023,D-Uio-66,[Zr],[Zr],[Zr],CC(=O)C1=CC=C(C(=O)O)C=C1,[O],0.12,0,0,0.88,0,0.5,0.5,2100,,,1800,,,,,
8,Quasi?Solid Electrolyte Interphase Boosting Charge and Mass Transfer for Dendrite?Free Zinc Battery,2023,D-Uio-66,[Zr],[Zr],[Zr],CC(=O)C1=CC=C(C(=O)O)C=C1,[O],0.12,0,0,0.88,0,1,1,1000,,,1800,,,,,
8,Quasi?Solid Electrolyte Interphase Boosting Charge and Mass Transfer for Dendrite?Free Zinc Battery,2023,D-Uio-66,[Zr],[Zr],[Zr],CC(=O)C1=CC=C(C(=O)O)C=C1,[O],0.12,0,0,0.88,0,10,5,400,,,1800,,,,,
8,Quasi?Solid Electrolyte Interphase Boosting Charge and Mass Transfer for Dendrite?Free Zinc Battery,2023,D-Uio-66,[Zr],[Zr],[Zr],CC(=O)C1=CC=C(C(=O)O)C=C1,[O],0.12,0,0,0.88,0,1,0.5,,600,0.998,1800,,,,,
8,Quasi?Solid Electrolyte Interphase Boosting Charge and Mass Transfer for Dendrite?Free Zinc Battery,2023,ND-Uio-66,[Zr],[Zr],[Zr],CC(=O)C1=CC=C(C(=O)O)C=C1,[O],0.33,0,0,0.67,0,0.5,0.5,580,,,1800,,,,,
8,Quasi?Solid Electrolyte Interphase Boosting Charge and Mass Transfer for Dendrite?Free Zinc Battery,2023,ND-Uio-66,[Zr],[Zr],[Zr],CC(=O)C1=CC=C(C(=O)O)C=C1,[O],0.33,0,0,0.67,0,1,1,,,,1800,,,,,
8,Quasi?Solid Electrolyte Interphase Boosting Charge and Mass Transfer for Dendrite?Free Zinc Battery,2023,ND-Uio-66,[Zr],[Zr],[Zr],CC(=O)C1=CC=C(C(=O)O)C=C1,[O],0.33,0,0,0.67,0,10,5,,,,1800,,,,,
8,Quasi?Solid Electrolyte Interphase Boosting Charge and Mass Transfer for Dendrite?Free Zinc Battery,2023,ND-Uio-66,[Zr],[Zr],[Zr],CC(=O)C1=CC=C(C(=O)O)C=C1,[O],0.33,0,0,0.67,0,1,0.5,,300,0.974,1800,,,,,
9,"Zincophilic Metal-Organic-Framework Interface Mitigating
Dendrite Growth for Highly Reversible Zinc Metal Batteries",2023,Cu-TCPP,[Cu],[Cu],[Cu],O=C(O)C1=CC=C(/C2=C3\C=CC(=N3)/C(C3=CC=C(C(=O)O)C=C3)=C3/C=C/C(=C(\C4=CC=C(C(=O)O)C=C4)C4=N/C(=C(/C5=CC=C(C(=O)O)C=C5)C5=CC=C2N5)C=C4)N3)C=C1,[O],0.75,0,0,0.25,0,1,1,1400,,,1400,0.017,,,250,0.99
9,"Zincophilic Metal-Organic-Framework Interface Mitigating
Dendrite Growth for Highly Reversible Zinc Metal Batteries",2023,Cu-TCPP,[Cu],[Cu],[Cu],O=C(O)C1=CC=C(/C2=C3\C=CC(=N3)/C(C3=CC=C(C(=O)O)C=C3)=C3/C=C/C(=C(\C4=CC=C(C(=O)O)C=C4)C4=N/C(=C(/C5=CC=C(C(=O)O)C=C5)C5=CC=C2N5)C=C4)N3)C=C1,[O],0.75,0,0,0.25,0,1,30,700,,,1400,0.017,,,250,0.99
9,"Zincophilic Metal-Organic-Framework Interface Mitigating
Dendrite Growth for Highly Reversible Zinc Metal Batteries",2023,Cu-TCPP,[Cu],[Cu],[Cu],O=C(O)C1=CC=C(/C2=C3\C=CC(=N3)/C(C3=CC=C(C(=O)O)C=C3)=C3/C=C/C(=C(\C4=CC=C(C(=O)O)C=C4)C4=N/C(=C(/C5=CC=C(C(=O)O)C=C5)C5=CC=C2N5)C=C4)N3)C=C1,[O],0.75,0,0,0.25,0,5,5,200,,,1400,0.017,,,250,0.99
9,"Zincophilic Metal-Organic-Framework Interface Mitigating
Dendrite Growth for Highly Reversible Zinc Metal Batteries",2023,Cu-TCPP,[Cu],[Cu],[Cu],O=C(O)C1=CC=C(/C2=C3\C=CC(=N3)/C(C3=CC=C(C(=O)O)C=C3)=C3/C=C/C(=C(\C4=CC=C(C(=O)O)C=C4)C4=N/C(=C(/C5=CC=C(C(=O)O)C=C5)C5=CC=C2N5)C=C4)N3)C=C1,[O],0.75,0,0,0.25,0,5,5,200,,,1400,0.017,,,250,0.99
9,"Zincophilic Metal-Organic-Framework Interface Mitigating
Dendrite Growth for Highly Reversible Zinc Metal Batteries",2023,Cu-TCPP,[Cu],[Cu],[Cu],O=C(O)C1=CC=C(/C2=C3\C=CC(=N3)/C(C3=CC=C(C(=O)O)C=C3)=C3/C=C/C(=C(\C4=CC=C(C(=O)O)C=C4)C4=N/C(=C(/C5=CC=C(C(=O)O)C=C5)C5=CC=C2N5)C=C4)N3)C=C1,[O],0.75,0,0,0.25,0,1,1,,250,0.99,1400,0.017,,,250,0.99
10,"Angstrom-Level Ionic Sieve 2D-MOF Membrane for High
Power Aqueous Zinc Anode",2023,2D-MOF,[Mn],[Mn],[Mn],O=C([O-])C1=CC=CC=C1.[Na+],[O],0.33,0,0,0.67,0,4,4,2000,,,,,,,250,0.9951
10,"Angstrom-Level Ionic Sieve 2D-MOF Membrane for High
Power Aqueous Zinc Anode",2023,2D-MOF,[Mn],[Mn],[Mn],O=C([O-])C1=CC=CC=C1.[Na+],[O],0.33,0,0,0.67,0,8,8,700,,,,,,,250,0.9951
10,"Angstrom-Level Ionic Sieve 2D-MOF Membrane for High
Power Aqueous Zinc Anode",2023,2D-MOF,[Mn],[Mn],[Mn],O=C([O-])C1=CC=CC=C1.[Na+],[O],0.33,0,0,0.67,0,10,1,1000,,,,,,,250,0.9951
10,"Angstrom-Level Ionic Sieve 2D-MOF Membrane for High
Power Aqueous Zinc Anode",2023,2D-MOF,[Mn],[Mn],[Mn],O=C([O-])C1=CC=CC=C1.[Na+],[O],0.33,0,0,0.67,0,1,1,,250,0.9951,,,,,250,0.9951
11,Thickness-Controlled Synthesis of Compact and UniformMOF Protective Layer for Zinc Anode to Achieve 85% ZincUtilization,2023,ZIF-8,[Zn],[Zn],[Zn],CC1=CNC=CN1,[O],0.25,0,0,0.75,0,1,1,1100,,,1200,0.017,,,550,0.995
11,Thickness-Controlled Synthesis of Compact and UniformMOF Protective Layer for Zinc Anode to Achieve 85% ZincUtilization,2023,ZIF-8,[Zn],[Zn],[Zn],CC1=CNC=CN1,[O],0.25,0,0,0.75,0,5,5,600,,,1200,0.017,,,550,0.995
11,Thickness-Controlled Synthesis of Compact and UniformMOF Protective Layer for Zinc Anode to Achieve 85% ZincUtilization,2023,ZIF-8,[Zn],[Zn],[Zn],CC1=CNC=CN1,[O],0.25,0,0,0.75,0,50,50,90,,,1200,0.017,,,550,0.995
11,Thickness-Controlled Synthesis of Compact and UniformMOF Protective Layer for Zinc Anode to Achieve 85% ZincUtilization,2023,ZIF-8,[Zn],[Zn],[Zn],CC1=CNC=CN1,[O],0.25,0,0,0.75,0,1,1,,550,0.995,1200,0.017,,,550,0.995
12,Selective Ion Transport Layer for Stable Aqueous Zinc-Ion Batteries,2023,SITL,[Zr],[Zr],[Zr],[H]/C(C(=O)O)=C(/[H])C(=O)O,[O],0.5,0,0,0.5,0,1,1,1000,,,1000,0.068,500,0.993,,
12,Selective Ion Transport Layer for Stable Aqueous Zinc-Ion Batteries,2023,SITL,[Zr],[Zr],[Zr],[H]/C(C(=O)O)=C(/[H])C(=O)O,[O],0.5,0,0,0.5,0,8,8,700,,,1000,0.068,500,0.993,,
12,Selective Ion Transport Layer for Stable Aqueous Zinc-Ion Batteries,2023,SITL,[Zr],[Zr],[Zr],[H]/C(C(=O)O)=C(/[H])C(=O)O,[O],0.5,0,0,0.5,0,2,1,,500,0.993,1000,0.068,500,0.993,,
13,In situ defect engineering in a multifunctional layer with strong zincophilicity and high Zn-ion conductivity on Zn anodes,2023,DZ-MOF,[Mn],[Mn],[Mn],CC1=CNC=CN1,[O],0.04,0,0,0.96,0,1,1,,110,0.996,2650,0.017,,,110,0.996
13,In situ defect engineering in a multifunctional layer with strong zincophilicity and high Zn-ion conductivity on Zn anodes,2023,DZ-MOF,[Mn],[Mn],[Mn],CC1=CNC=CN1,[O],0.04,0,0,0.96,0,1,1,2650,,,2650,0.017,,,110,0.996
13,In situ defect engineering in a multifunctional layer with strong zincophilicity and high Zn-ion conductivity on Zn anodes,2023,DZ-MOF,[Mn],[Mn],[Mn],CC1=CNC=CN1,[O],0.04,0,0,0.96,0,2,2,1800,,,2650,0.017,,,110,0.996
13,In situ defect engineering in a multifunctional layer with strong zincophilicity and high Zn-ion conductivity on Zn anodes,2023,DZ-MOF,[Mn],[Mn],[Mn],CC1=CNC=CN1,[O],0.04,0,0,0.96,0,5,5,600,,,2650,0.017,,,110,0.996
13,In situ defect engineering in a multifunctional layer with strong zincophilicity and high Zn-ion conductivity on Zn anodes,2023,Z-MOF,[C],[C],[C],CC1=CNC=CN1,OO,0,0,0,0.71,0.29,1,1,,40,,2650,0.017,,,110,0.996
13,In situ defect engineering in a multifunctional layer with strong zincophilicity and high Zn-ion conductivity on Zn anodes,2023,Z-MOF,[C],[C],[C],CC1=CNC=CN1,OO,0,0,0,0.71,0.29,1,1,600,,,2650,0.017,,,110,0.996
13,In situ defect engineering in a multifunctional layer with strong zincophilicity and high Zn-ion conductivity on Zn anodes,2023,Z-MOF,[C],[C],[C],CC1=CNC=CN1,OO,0,0,0,0.71,0.29,2,2,200,,,2650,0.017,,,110,0.996
13,In situ defect engineering in a multifunctional layer with strong zincophilicity and high Zn-ion conductivity on Zn anodes,2023,Z-MOF,[C],[C],[C],CC1=CNC=CN1,OO,0,0,0,0.71,0.29,5,5,100,,,2650,0.017,,,110,0.996
14,Direct ink writing of engineered MOF-based hybrid composite empowering dendrite free zinc ion battery anode,2024,UiON-PHC,[Zr],[Zr],[Zr],NC1=CC(C(=O)O)=CC=C1C(=O)O,COC1=CC=C(O)C=C1,0.35,0,0,0.65,0,0.1,,2370,,,,,,,,
14,Direct ink writing of engineered MOF-based hybrid composite empowering dendrite free zinc ion battery anode,2024,UiON-PHC,[Zr],[Zr],[Zr],NC1=CC(C(=O)O)=CC=C1C(=O)O,COC1=CC=C(O)C=C1,0.35,0,0,0.65,0,0.5,,4470,,,,,,,,
15,Boosting tough metal Zn anode by MOF layer for high-performance zinc-ion batteries,2024,ZIF-7,[Zn],[Zn],[Zn],C1=CC=C2NC=NC2=C1,[O],0.19,0,0,0.81,0,1,1,100,,,100,,,,100,
15,Boosting tough metal Zn anode by MOF layer for high-performance zinc-ion batteries,2024,ZIF-7,[Zn],[Zn],[Zn],C1=CC=C2NC=NC2=C1,[O],0.19,0,0,0.81,0,1,1,,50,,100,,,,100,
15,Boosting tough metal Zn anode by MOF layer for high-performance zinc-ion batteries,2024,MOF-808,[Zr],[Zr],[Zr],O=C(O)C1=CC(C(=O)O)=CC(C(=O)O)=C1,[O],0.6,0,0,0.4,0,1,1,300,,,300,,,,300,
15,Boosting tough metal Zn anode by MOF layer for high-performance zinc-ion batteries,2024,MOF-808,[Zr],[Zr],[Zr],O=C(O)C1=CC(C(=O)O)=CC(C(=O)O)=C1,[O],0.6,0,0,0.4,0,1,1,,350,,300,,,,300,
15,Boosting tough metal Zn anode by MOF layer for high-performance zinc-ion batteries,2024,MOF-5W,[Zn],[Zn],[Zn],O=C(O)C1=CC=C(C(=O)O)C=C1,[O],0.7,0,0,0.3,0,1,1,600,,,600,,,,600,
15,Boosting tough metal Zn anode by MOF layer for high-performance zinc-ion batteries,2024,MOF-5W,[Zn],[Zn],[Zn],O=C(O)C1=CC=C(C(=O)O)C=C1,[O],0.7,0,0,0.3,0,1,1,,600,,600,,,,600,
15,Boosting tough metal Zn anode by MOF layer for high-performance zinc-ion batteries,2024,MOF-5W,[Zn],[Zn],[Zn],O=C(O)C1=CC=C(C(=O)O)C=C1,[O],0.7,0,0,0.3,0,10,10,1050,,,600,,,,600,
15,Boosting tough metal Zn anode by MOF layer for high-performance zinc-ion batteries,2024,MOF-5W,[Zn],[Zn],[Zn],O=C(O)C1=CC=C(C(=O)O)C=C1,[O],0.7,0,0,0.3,0,40,1,5000,,,600,,,,600,
16,A Seamless Metal?Organic Framework Interphase with Boosted Zn2+ Flux and Deposition Kinetics for Long-Living Rechargeable Zn Batteries,2023,MOF,[Zn],[Zn],[Zn],[C-]#C.[C-]#N.[C-]#N.[C-]#N.[C-]#N.[C-]#N.[Fe].[K+].[K+].[K+],[O],0.6,0,0,0.4,0,2,1,,1000,0.992,,,1000,0.992,,
16,A Seamless Metal?Organic Framework Interphase with Boosted Zn2+ Flux and Deposition Kinetics for Long-Living Rechargeable Zn Batteries,2023,MOF,[Zn],[Zn],[Zn],[C-]#C.[C-]#N.[C-]#N.[C-]#N.[C-]#N.[C-]#N.[Fe].[K+].[K+].[K+],[O],0.6,0,0,0.4,0,4,2,2100,,,,,1000,0.992,,
16,A Seamless Metal?Organic Framework Interphase with Boosted Zn2+ Flux and Deposition Kinetics for Long-Living Rechargeable Zn Batteries,2023,MOF,[Zn],[Zn],[Zn],[C-]#C.[C-]#N.[C-]#N.[C-]#N.[C-]#N.[C-]#N.[Fe].[K+].[K+].[K+],[O],0.6,0,0,0.4,0,10,5,1100,,,,,1000,0.992,,
16,A Seamless Metal?Organic Framework Interphase with Boosted Zn2+ Flux and Deposition Kinetics for Long-Living Rechargeable Zn Batteries,2023,Co-MOF,[Co],[Co],[Co],[C-]#C.[C-]#N.[C-]#N.[C-]#N.[C-]#N.[C-]#N.[Fe].[K+].[K+].[K+],[O],0.6,0,0,0.4,0,1,0.5,800,,,,,,,,
16,A Seamless Metal?Organic Framework Interphase with Boosted Zn2+ Flux and Deposition Kinetics for Long-Living Rechargeable Zn Batteries,2023,Ni-MOF,[Ni],[Ni],[Ni],[C-]#C.[C-]#N.[C-]#N.[C-]#N.[C-]#N.[C-]#N.[Fe].[K+].[K+].[K+],[O],0.6,0,0,0.4,0,1,0.5,800,,,,,,,,
16,A Seamless Metal?Organic Framework Interphase with Boosted Zn2+ Flux and Deposition Kinetics for Long-Living Rechargeable Zn Batteries,2023,Cu-MOF,[Cu],[Cu],[Cu],[C-]#C.[C-]#N.[C-]#N.[C-]#N.[C-]#N.[C-]#N.[Fe].[K+].[K+].[K+],[O],0.6,0,0,0.4,0,1,0.5,800,,,,,,,,
16,A Seamless Metal?Organic Framework Interphase with Boosted Zn2+ Flux and Deposition Kinetics for Long-Living Rechargeable Zn Batteries,2023,Mn-MOF,[Mn],[Mn],[Mn],[C-]#C.[C-]#N.[C-]#N.[C-]#N.[C-]#N.[C-]#N.[Fe].[K+].[K+].[K+],[O],0.6,0,0,0.4,0,1,0.5,800,,,,,,,,
17,Metal-organic frameworks with carboxyl functionalized channels as multifunctional ion-conductive interphase for highly reversible Zn anode,2022,Uio-66,[Zr],[Zr],[Zr],O=C(O)C1=CC=C(C(=O)O)C=C1,[O],0.62,0,0,0.38,0,2,2,810,,,,0.017,,,75,0.979
17,Metal-organic frameworks with carboxyl functionalized channels as multifunctional ion-conductive interphase for highly reversible Zn anode,2022,Uio-66,[Zr],[Zr],[Zr],O=C(O)C1=CC=C(C(=O)O)C=C1,[O],0.62,0,0,0.38,0,5,5,250,,,,0.017,,,75,0.979
17,Metal-organic frameworks with carboxyl functionalized channels as multifunctional ion-conductive interphase for highly reversible Zn anode,2022,Uio-66,[Zr],[Zr],[Zr],O=C(O)C1=CC=C(C(=O)O)C=C1,[O],0.62,0,0,0.38,0,1,1,,50,0.977,,0.017,,,75,0.979
17,Metal-organic frameworks with carboxyl functionalized channels as multifunctional ion-conductive interphase for highly reversible Zn anode,2022,Uio-66-(COOH)2,[Zr],[Zr],[Zr],O=C(O)C1=CC(C(=O)O)=C(C(=O)O)C=C1C(=O)O,[O],0.62,0,0,0.38,0,2,2,2800,,,,0.017,,,200,0.994
17,Metal-organic frameworks with carboxyl functionalized channels as multifunctional ion-conductive interphase for highly reversible Zn anode,2022,Uio-66-(COOH)2,[Zr],[Zr],[Zr],O=C(O)C1=CC(C(=O)O)=C(C(=O)O)C=C1C(=O)O,[O],0.62,0,0,0.38,0,5,5,800,,,,0.017,,,200,0.994
17,Metal-organic frameworks with carboxyl functionalized channels as multifunctional ion-conductive interphase for highly reversible Zn anode,2022,Uio-66-(COOH)2,[Zr],[Zr],[Zr],O=C(O)C1=CC(C(=O)O)=C(C(=O)O)C=C1C(=O)O,[O],0.62,0,0,0.38,0,1,1,,200,0.994,,0.017,,,200,0.994
18,Achieving stable Zn metal anode via a simple NiCo layered double hydroxides artificial coating for high performance aqueous Zn-ion batteries,2021,NiCo-LDH,[Ni],[Co],[Co],NC(N)=O,[O],0.0164,0,0,0,0,1,1,2500,,,2500,0.0057,700,0.99,,
18,Achieving stable Zn metal anode via a simple NiCo layered double hydroxides artificial coating for high performance aqueous Zn-ion batteries,2021,NiCo-LDH,[Ni],[Co],[Co],NC(N)=O,[O],0.0164,0,0,0,0,5,1,2000,,,2500,0.0057,700,0.99,,
18,Achieving stable Zn metal anode via a simple NiCo layered double hydroxides artificial coating for high performance aqueous Zn-ion batteries,2021,NiCo-LDH,[Ni],[Co],[Co],NC(N)=O,[O],0.0164,0,0,0,0,10,1,1580,,,2500,0.0057,700,0.99,,
18,Achieving stable Zn metal anode via a simple NiCo layered double hydroxides artificial coating for high performance aqueous Zn-ion batteries,2021,NiCo-LDH,[Ni],[Co],[Co],NC(N)=O,[O],0.0164,0,0,0,0,2,1,,700,0.99,2500,0.0057,700,0.99,,
19,Ti4O7 coating creates a highly stable Zn anode for aqueous zinc-ion batteries?,2024,Ti4O7,[Ti],[Ti],[Ti],[O],[O],0,0,0,0,0,1,1,5900,,,5900,0.017,,,300,0.988
19,Ti4O7 coating creates a highly stable Zn anode for aqueous zinc-ion batteries?,2024,Ti4O7,[Ti],[Ti],[Ti],[O],[O],0,0,0,0,0,5,1,3500,,,5900,0.017,,,300,0.988
19,Ti4O7 coating creates a highly stable Zn anode for aqueous zinc-ion batteries?,2024,Ti4O7,[Ti],[Ti],[Ti],[O],[O],0,0,0,0,0,1,1,,290,0.988,5900,0.017,,,300,0.988
20, Exploiting bifunctional ZnTe for Zn anode protection and conversion-type cathode toward compatible aqueous Zn-ion batteries ,2024,ZnTe,[Zn],[Te],[Te],[O],[O],0,0,0,0,0,1,1,3000,,,3100,0.057,300,,,
21,Zinc-Bismuth Binary Alloy Enabling High-Performance Aqueous Zinc Ion Batteries,2023,Zn@Bi,[Zn],[Bi],[Bi],[O],[O],0.987,0.013,0,0,0,2,1,,1400,0.998,,0.0034,1400,0.998,,
21,Zinc-Bismuth Binary Alloy Enabling High-Performance Aqueous Zinc Ion Batteries,2023,Zn@Bi,[Zn],[Bi],[Bi],[O],[O],0.987,0.013,0,0,0,0.3,0.15,1000,,,,0.0034,1400,0.998,,
21,Zinc-Bismuth Binary Alloy Enabling High-Performance Aqueous Zinc Ion Batteries,2023,Zn@Bi,[Zn],[Bi],[Bi],[O],[O],0.987,0.013,0,0,0,1.2,0.6,1000,,,,0.0034,1400,0.998,,
22,Multicomponent Copper-Zinc Alloy Layer Enabling Ultra-StableZinc Metal Anode of Aqueous Zn-ion Battery,2022,Cu-Zn,[Zn],[Cu],[Cu],[O],[O],0,0,0,0,0,1,1,5496,,,5496,0.034,,,,
22,Multicomponent Copper-Zinc Alloy Layer Enabling Ultra-StableZinc Metal Anode of Aqueous Zn-ion Battery,2022,Cu-Zn,[Zn],[Cu],[Cu],[O],[O],0,0,0,0,0,5,1,500,,,5496,0.034,,,,
22,Multicomponent Copper-Zinc Alloy Layer Enabling Ultra-StableZinc Metal Anode of Aqueous Zn-ion Battery,2022,Cu-Zn,[Zn],[Cu],[Cu],[O],[O],0,0,0,0,0,1,3,450,,,5496,0.034,,,,
23,Highly Strengthened and Toughened Zn¨CLi¨CMn Alloys asLong-Cycling Life and Dendrite-Free Zn Anode for AqueousZinc-Ion Batteries,2022,Zn-0.4Li-1.0 Mn,[Zn],[Li],[Mn],[O],[O],0.42,0.17,0.41,0,0,1,1,1200,,,1000,,,,,
23,Highly Strengthened and Toughened Zn¨CLi¨CMn Alloys asLong-Cycling Life and Dendrite-Free Zn Anode for AqueousZinc-Ion Batteries,2022,Zn-0.4Li-0.2 Mn,[Zn],[Li],[Mn],[O],[O],0.625,0.25,0.125,0,0,1,1,1000,,,1000,,,,,
24,Suppressing zinc dendrite growth in aqueous battery via Zn¨CAl alloying with spatially confined zinc reservoirs,2023,ZnAl,[Zn],[Al],[Al],[O],[O],0.89,0.11,0,0,0,0.5,0.25,300,,,260,0.0066,,,,
24,Suppressing zinc dendrite growth in aqueous battery via Zn¨CAl alloying with spatially confined zinc reservoirs,2023,ZnAl,[Zn],[Al],[Al],[O],[O],0.89,0.11,0,0,0,1,1,260,,,260,0.0066,,,,
25,Multifunctional zinc-nickel alloy enabling high-performance aqueous zinc ion batteries,2024,ZnNi,[Zn],[Ni],[Ni],[O],[O],0.95,0.05,0,0,0,0.5,0.25,1000,,,,0.0034,,,,
25,Multifunctional zinc-nickel alloy enabling high-performance aqueous zinc ion batteries,2024,ZnNi,[Zn],[Ni],[Ni],[O],[O],0.95,0.05,0,0,0,2,1,1000,,,,0.0034,,,,
26,Ultra-stable Zn metal batteries with dendrite-free Cu-Sn alloy induced high-quality composite Zn mesh,2022,Cu-Sn@SSM,[Cu],[Sn],[Sn],[O],[O],0.5,0.5,0,0,0,10,1,,2000,0.994,,,600,,,
26,Ultra-stable Zn metal batteries with dendrite-free Cu-Sn alloy induced high-quality composite Zn mesh,2022,Cu-Sn@SSM,[Cu],[Sn],[Sn],[O],[O],0.5,0.5,0,0,0,0.5,0.25,800,,,,,600,,,
26,Ultra-stable Zn metal batteries with dendrite-free Cu-Sn alloy induced high-quality composite Zn mesh,2022,Cu-Sn@SSM,[Cu],[Sn],[Sn],[O],[O],0.5,0.5,0,0,0,2,1,600,,,,,600,,,
26,Ultra-stable Zn metal batteries with dendrite-free Cu-Sn alloy induced high-quality composite Zn mesh,2022,Cu-Sn@SSM,[Cu],[Sn],[Sn],[O],[O],0.5,0.5,0,0,0,10,3,1050,,,,,600,,,
27,Electrostatic Shielding Regulation of Magnetron Sputtered Al-BasedAlloy Protective Coatings Enables Highly Reversible Zinc Anodes,2022,Zn0.34Al0.66,[Zn],[Al],[Al],[O],[O],0.34,0.66,0,0,0,1,1,150,,,150,0.0085,,,,
27,Electrostatic Shielding Regulation of Magnetron Sputtered Al-BasedAlloy Protective Coatings Enables Highly Reversible Zinc Anodes,2022,Zn0.34Al0.66,[Zn],[Al],[Al],[O],[O],0.34,0.66,0,0,0,2,2,100,,,150,0.0085,,,,
27,Electrostatic Shielding Regulation of Magnetron Sputtered Al-BasedAlloy Protective Coatings Enables Highly Reversible Zinc Anodes,2022,Zn0.34Al0.66,[Zn],[Al],[Al],[O],[O],0.34,0.66,0,0,0,2,0.5,,30,,150,0.0085,,,,
27,Electrostatic Shielding Regulation of Magnetron Sputtered Al-BasedAlloy Protective Coatings Enables Highly Reversible Zinc Anodes,2022,Zn0.34Al0.66,[Zn],[Al],[Al],[O],[O],0.34,0.66,0,0,0,5,1,,10,,150,0.0085,,,,
27,Electrostatic Shielding Regulation of Magnetron Sputtered Al-BasedAlloy Protective Coatings Enables Highly Reversible Zinc Anodes,2022,Zn0.0.73Al0.27,[Zn],[Al],[Al],[O],[O],0.73,0.27,0,0,0,1,1,3100,,,3100,0.0085,,,,
27,Electrostatic Shielding Regulation of Magnetron Sputtered Al-BasedAlloy Protective Coatings Enables Highly Reversible Zinc Anodes,2022,Zn0.0.73Al0.27,[Zn],[Al],[Al],[O],[O],0.73,0.27,0,0,0,2,2,500,,,3100,0.0085,,,,
27,Electrostatic Shielding Regulation of Magnetron Sputtered Al-BasedAlloy Protective Coatings Enables Highly Reversible Zinc Anodes,2022,Zn0.0.73Al0.27,[Zn],[Al],[Al],[O],[O],0.73,0.27,0,0,0,2,0.5,,400,0.9925,3100,0.0085,,,,
27,Electrostatic Shielding Regulation of Magnetron Sputtered Al-BasedAlloy Protective Coatings Enables Highly Reversible Zinc Anodes,2022,Zn0.0.73Al0.27,[Zn],[Al],[Al],[O],[O],0.73,0.27,0,0,0,5,1,,480,0.9913,3100,0.0085,,,,
27,Electrostatic Shielding Regulation of Magnetron Sputtered Al-BasedAlloy Protective Coatings Enables Highly Reversible Zinc Anodes,2022,Al,[Al],[Al],[Al],[O],[O],0,0,0,0,0,1,1,200,,,200,0.0085,,,,
27,Electrostatic Shielding Regulation of Magnetron Sputtered Al-BasedAlloy Protective Coatings Enables Highly Reversible Zinc Anodes,2022,Al,[Al],[Al],[Al],[O],[O],0,0,0,0,0,2,2,70,,,200,0.0085,,,,
27,Electrostatic Shielding Regulation of Magnetron Sputtered Al-BasedAlloy Protective Coatings Enables Highly Reversible Zinc Anodes,2022,Al,[Al],[Al],[Al],[O],[O],0,0,0,0,0,2,0.5,,50,,200,0.0085,,,,
27,Electrostatic Shielding Regulation of Magnetron Sputtered Al-BasedAlloy Protective Coatings Enables Highly Reversible Zinc Anodes,2022,Al,[Al],[Al],[Al],[O],[O],0,0,0,0,0,5,1,,50,,200,0.0085,,,,
28,Manipulating alloying reaction to achieve the stable and dendrite-free zinc metal anodes,2022,Zn3Hg,[Hg],[Hg],[Hg],[O],[O],0,0,0,0,0,1,1,2000,,,2000,,,,,
28,Manipulating alloying reaction to achieve the stable and dendrite-free zinc metal anodes,2022,Zn3Hg,[Hg],[Hg],[Hg],[O],[O],0,0,0,0,0,5,1,1200,,,2000,,,,,
28,Manipulating alloying reaction to achieve the stable and dendrite-free zinc metal anodes,2022,Zn3Hg,[Hg],[Hg],[Hg],[O],[O],0,0,0,0,0,10,1,620,,,2000,,,,,
28,Manipulating alloying reaction to achieve the stable and dendrite-free zinc metal anodes,2022,Zn3Hg,[Hg],[Hg],[Hg],[O],[O],0,0,0,0,0,5,5,500,,,2000,,,,,
28,Manipulating alloying reaction to achieve the stable and dendrite-free zinc metal anodes,2022,Zn3Hg,[Hg],[Hg],[Hg],[O],[O],0,0,0,0,0,10,10,210,,,2000,,,,,
28,Manipulating alloying reaction to achieve the stable and dendrite-free zinc metal anodes,2022,Zn3Hg,[Hg],[Hg],[Hg],[O],[O],0,0,0,0,0,5,0.5,,1000,0.9997,2000,,,,,
29,Promoting Zn2+migration through polar perovskite dielectric layer on Zn metal anode for the enhanced aqueous Zn-ion batteries,2023,STO(SrTiO3),[Sr],[Ti],[Ti],[O],[O],0.5,0,0,0.5,0,2,0.5,,300,0.987,3000,,300,0.987,,
29,Promoting Zn2+migration through polar perovskite dielectric layer on Zn metal anode for the enhanced aqueous Zn-ion batteries,2023,STO(SrTiO3),[Sr],[Ti],[Ti],[O],[O],0.5,0,0,0.5,0,0.5,0.5,4000,,,3000,,300,0.987,,
29,Promoting Zn2+migration through polar perovskite dielectric layer on Zn metal anode for the enhanced aqueous Zn-ion batteries,2023,STO(SrTiO3),[Sr],[Ti],[Ti],[O],[O],0.5,0,0,0.5,0,1,1,3000,,,3000,,300,0.987,,
29,Promoting Zn2+migration through polar perovskite dielectric layer on Zn metal anode for the enhanced aqueous Zn-ion batteries,2023,STO(SrTiO3),[Sr],[Ti],[Ti],[O],[O],0.5,0,0,0.5,0,2,2,700,,,3000,,300,0.987,,
29,Promoting Zn2+migration through polar perovskite dielectric layer on Zn metal anode for the enhanced aqueous Zn-ion batteries,2023,STO(SrTiO3),[Sr],[Ti],[Ti],[O],[O],0.5,0,0,0.5,0,5,5,400,,,3000,,300,0.987,,
30,Nanoporous Nb2O5 coatings enabled long-life and deeply rechargeable zinc anodes for aqueous zinc-ion batteries,2024,Nb2O5(5:1),[Nb],[Nb],[Nb],CCC(C)(F)F,[O],0.83,0,0,0.17,0,0.5,0.5,250,,,360,0.017,,,,
30,Nanoporous Nb2O5 coatings enabled long-life and deeply rechargeable zinc anodes for aqueous zinc-ion batteries,2024,Nb2O5(5:1),[Nb],[Nb],[Nb],CCC(C)(F)F,[O],0.83,0,0,0.17,0,1,1,75,,,360,0.017,,,,
30,Nanoporous Nb2O5 coatings enabled long-life and deeply rechargeable zinc anodes for aqueous zinc-ion batteries,2024,Nb2O5(5:1),[Nb],[Nb],[Nb],CCC(C)(F)F,[O],0.83,0,0,0.17,0,5,2.5,100,,,360,0.017,,,,
30,Nanoporous Nb2O5 coatings enabled long-life and deeply rechargeable zinc anodes for aqueous zinc-ion batteries,2024,Nb2O5(5:1),[Nb],[Nb],[Nb],CCC(C)(F)F,[O],0.83,0,0,0.17,0,10,2.5,300,,,360,0.017,,,,
30,Nanoporous Nb2O5 coatings enabled long-life and deeply rechargeable zinc anodes for aqueous zinc-ion batteries,2024,Nb2O5(7:1),[Nb],[Nb],[Nb],CCC(C)(F)F,[O],0.875,0,0,0.125,0,0.5,0.5,650,,,360,0.017,,,,
30,Nanoporous Nb2O5 coatings enabled long-life and deeply rechargeable zinc anodes for aqueous zinc-ion batteries,2024,Nb2O5(7:1),[Nb],[Nb],[Nb],CCC(C)(F)F,[O],0.875,0,0,0.125,0,1,1,350,,,360,0.017,,,,
30,Nanoporous Nb2O5 coatings enabled long-life and deeply rechargeable zinc anodes for aqueous zinc-ion batteries,2024,Nb2O5(7:1),[Nb],[Nb],[Nb],CCC(C)(F)F,[O],0.875,0,0,0.125,0,5,2.5,300,,,360,0.017,,,,
30,Nanoporous Nb2O5 coatings enabled long-life and deeply rechargeable zinc anodes for aqueous zinc-ion batteries,2024,Nb2O5(7:1),[Nb],[Nb],[Nb],CCC(C)(F)F,[O],0.875,0,0,0.125,0,10,2.5,480,,,360,0.017,,,,
30,Nanoporous Nb2O5 coatings enabled long-life and deeply rechargeable zinc anodes for aqueous zinc-ion batteries,2024,Nb2O5(7:1),[Nb],[Nb],[Nb],CCC(C)(F)F,[O],0.875,0,0,0.125,0,20,5,120,,,360,0.017,,,,
30,Nanoporous Nb2O5 coatings enabled long-life and deeply rechargeable zinc anodes for aqueous zinc-ion batteries,2024,Nb2O5(9:1),[Nb],[Nb],[Nb],CCC(C)(F)F,[O],0.9,0,0,0.1,0,0.5,0.5,300,,,360,0.017,,,,
30,Nanoporous Nb2O5 coatings enabled long-life and deeply rechargeable zinc anodes for aqueous zinc-ion batteries,2024,Nb2O5(9:1),[Nb],[Nb],[Nb],CCC(C)(F)F,[O],0.9,0,0,0.1,0,1,1,110,,,360,0.017,,,,
30,Nanoporous Nb2O5 coatings enabled long-life and deeply rechargeable zinc anodes for aqueous zinc-ion batteries,2024,Nb2O5(9:1),[Nb],[Nb],[Nb],CCC(C)(F)F,[O],0.9,0,0,0.1,0,5,2.5,100,,,360,0.017,,,,
30,Nanoporous Nb2O5 coatings enabled long-life and deeply rechargeable zinc anodes for aqueous zinc-ion batteries,2024,Nb2O5(9:1),[Nb],[Nb],[Nb],CCC(C)(F)F,[O],0.9,0,0,0.1,0,10,2.5,50,,,360,0.017,,,,
31,Dendrite-Free Zinc Deposition Induced by an Artificial Layer of Strontium Titanate for Stable Zinc Metal Anode,2023,SrTiO3,[Sr],[Ti],[Ti],[O],[O],0.55,0.45,0,0,0,0.5,0.25,1200,,,,,,,,
31,Dendrite-Free Zinc Deposition Induced by an Artificial Layer of Strontium Titanate for Stable Zinc Metal Anode,2023,SrTiO3,[Sr],[Ti],[Ti],[O],[O],0.55,0.45,0,0,0,1,1,1000,,,,,,,,
32,Interface regulation using a ?uorinated vinylenelinked covalent organic framework for a highly stable Zn anode,2024,TM-TA-COF,[C],[C],[C],CC1=NC(C)=NC(C)=N1,[H]C(=O)C1=CC=C(C([H])=O)C=C1,0,0,0,0.4,0.6,5,1,,100,0.976,,,,,,
32,Interface regulation using a ?uorinated vinylenelinked covalent organic framework for a highly stable Zn anode,2024,TM-TA-COF,[C],[C],[C],CC1=NC(C)=NC(C)=N1,[H]C(=O)C1=CC=C(C([H])=O)C=C1,0,0,0,0.4,0.6,3,0.5,1300,,,,,,,,
32,Interface regulation using a ?uorinated vinylenelinked covalent organic framework for a highly stable Zn anode,2024,TM-TA-COF,[C],[C],[C],CC1=NC(C)=NC(C)=N1,[H]C(=O)C1=CC=C(C([H])=O)C=C1,0,0,0,0.4,0.6,0.1,0.0.5,700,,,,,,,,
32,Interface regulation using a ?uorinated vinylenelinked covalent organic framework for a highly stable Zn anode,2024,TM-TA-COF,[C],[C],[C],CC1=NC(C)=NC(C)=N1,[H]C(=O)C1=CC=C(C([H])=O)C=C1,0,0,0,0.4,0.6,2,0.05,1300,,,,,,,,
32,Interface regulation using a ?uorinated vinylenelinked covalent organic framework for a highly stable Zn anode,2024,TM-4F-COF,[C],[C],[C],CC1=NC(C)=NC(C)=N1,O=CC1=C(F)C(F)=C(C=O)C(F)=C1F,0,0,0,0.4,0.6,3,0.5,2935,,,,,,,,
32,Interface regulation using a ?uorinated vinylenelinked covalent organic framework for a highly stable Zn anode,2024,TM-4F-COF,[C],[C],[C],CC1=NC(C)=NC(C)=N1,O=CC1=C(F)C(F)=C(C=O)C(F)=C1F,0,0,0,0.4,0.6,0.1,0.0.5,1700,,,,,,,,
32,Interface regulation using a ?uorinated vinylenelinked covalent organic framework for a highly stable Zn anode,2024,TM-4F-COF,[C],[C],[C],CC1=NC(C)=NC(C)=N1,O=CC1=C(F)C(F)=C(C=O)C(F)=C1F,0,0,0,0.4,0.6,2,0.05,1700,,,,,,,,
32,Interface regulation using a ?uorinated vinylenelinked covalent organic framework for a highly stable Zn anode,2024,TM-4F-COF,[C],[C],[C],CC1=NC(C)=NC(C)=N1,O=CC1=C(F)C(F)=C(C=O)C(F)=C1F,0,0,0,0.4,0.6,5,5,160,,,,,,,,
33,An Arti?cial Polyacrylonitrile Coating Layer Con?ning Zinc Dendrite Growth for Highly Reversible Aqueous Zinc-Based Batteries,2021,PANZ,[Zn],[Zn],[Zn],CCC#N,[O],0.5,0,0,0.5,0,1,1,1145,,,,,,,,
33,An Arti?cial Polyacrylonitrile Coating Layer Con?ning Zinc Dendrite Growth for Highly Reversible Aqueous Zinc-Based Batteries,2021,PANZ,[Zn],[Zn],[Zn],CCC#N,[O],0.5,0,0,0.5,0,1,1,,770,0.998,,,,,,
34,Surface coatings of two-dimensional metal-organic framework nanosheets enable stable zinc anodes,2022,Uio-67-2D,[Zr],[Zr],[Zr],O=C(O)C1=CC=CC=C1C1=C(C(=O)O)C=CC=C1,[O],0.68,0,0,0.32,0,0.5,0.5,850,,,,,,,,
34,Surface coatings of two-dimensional metal-organic framework nanosheets enable stable zinc anodes,2022,Uio-67-2D,[Zr],[Zr],[Zr],O=C(O)C1=CC=CC=C1C1=C(C(=O)O)C=CC=C1,[O],0.68,0,0,0.32,0,2,2,140,,,,,,,,
34,Surface coatings of two-dimensional metal-organic framework nanosheets enable stable zinc anodes,2022,Uio-67-2D,[Zr],[Zr],[Zr],O=C(O)C1=CC=CC=C1C1=C(C(=O)O)C=CC=C1,[O],0.68,0,0,0.32,0,5,5,60,,,,,,,,
34,Surface coatings of two-dimensional metal-organic framework nanosheets enable stable zinc anodes,2022,Uio-67-2D,[Zr],[Zr],[Zr],O=C(O)C1=CC=CC=C1C1=C(C(=O)O)C=CC=C1,[O],0.68,0,0,0.32,0,8,1,,700,,,,,,,
34,Surface coatings of two-dimensional metal-organic framework nanosheets enable stable zinc anodes,2022,Uio-67-3D,[Zr],[Zr],[Zr],O=C(O)C1=CC=C(C(=O)O)C=C1,[O],0.5,0,0,0.5,0,0.5,0.5,250,,,,,,,,
34,Surface coatings of two-dimensional metal-organic framework nanosheets enable stable zinc anodes,2022,Uio-67-3D,[Zr],[Zr],[Zr],O=C(O)C1=CC=C(C(=O)O)C=C1,[O],0.5,0,0,0.5,0,2,2,50,,,,,,,,
34,Surface coatings of two-dimensional metal-organic framework nanosheets enable stable zinc anodes,2022,Uio-67-3D,[Zr],[Zr],[Zr],O=C(O)C1=CC=C(C(=O)O)C=C1,[O],0.5,0,0,0.5,0,5,5,40,,,,,,,,
34,Surface coatings of two-dimensional metal-organic framework nanosheets enable stable zinc anodes,2022,Uio-67-3D,[Zr],[Zr],[Zr],O=C(O)C1=CC=C(C(=O)O)C=C1,[O],0.5,0,0,0.5,0,8,1,,100,,,,,,,
35,MOF-based ionic sieve interphase for regulated Zn2+ flux toward dendrite-free aqueous zinc-ion batteries?,2022,Zn-BTC,[Zn],[Zn],[Zn],O=C(O)C1=CC(C(=O)O)=CC(C(=O)O)=C1,[O],0.5,0,0,0.5,0,1,1,,170,,,,,,,
35,MOF-based ionic sieve interphase for regulated Zn2+ flux toward dendrite-free aqueous zinc-ion batteries?,2022,Zn-BTC,[Zn],[Zn],[Zn],O=C(O)C1=CC(C(=O)O)=CC(C(=O)O)=C1,[O],0.5,0,0,0.5,0,0.4,0.1,200,,,,,,,,
35,MOF-based ionic sieve interphase for regulated Zn2+ flux toward dendrite-free aqueous zinc-ion batteries?,2022,Zn-BTC,[Zn],[Zn],[Zn],O=C(O)C1=CC(C(=O)O)=CC(C(=O)O)=C1,[O],0.5,0,0,0.5,0,3,3,150,,,,,,,,
35,MOF-based ionic sieve interphase for regulated Zn2+ flux toward dendrite-free aqueous zinc-ion batteries?,2022,Zn-BTC,[Zn],[Zn],[Zn],O=C(O)C1=CC(C(=O)O)=CC(C(=O)O)=C1,[O],0.5,0,0,0.5,0,3,0.5,400,,,,,,,,
35,MOF-based ionic sieve interphase for regulated Zn2+ flux toward dendrite-free aqueous zinc-ion batteries?,2022,Zn-BTC,[Zn],[Zn],[Zn],O=C(O)C1=CC(C(=O)O)=CC(C(=O)O)=C1,[O],0.5,0,0,0.5,0,4,1,400,,,,,,,,
35,MOF-based ionic sieve interphase for regulated Zn2+ flux toward dendrite-free aqueous zinc-ion batteries?,2022,Zn-BTC,[Zn],[Zn],[Zn],O=C(O)C1=CC(C(=O)O)=CC(C(=O)O)=C1,[O],0.5,0,0,0.5,0,1,1,800,,,,,,,,
36,Practical Zn anodes enabled by a Ti-MOF-derived coating for aqueous batteries?,2022,TiO2/NC,[Ti],[Ti],[Ti],NC1=C(C(=O)O)C=CC(C(=O)O)=C1,[O],0.4,0,0,0.6,0,5,1,1100,,,,,,,,
36,Practical Zn anodes enabled by a Ti-MOF-derived coating for aqueous batteries?,2022,TiO2/NC,[Ti],[Ti],[Ti],NC1=C(C(=O)O)C=CC(C(=O)O)=C1,[O],0.4,0,0,0.6,0,2,1,,500,0.994,,,,,,
36,Practical Zn anodes enabled by a Ti-MOF-derived coating for aqueous batteries?,2022,TiO2/NC,[Ti],[Ti],[Ti],NC1=C(C(=O)O)C=CC(C(=O)O)=C1,[O],0.4,0,0,0.6,0,10,5,200,,,,,,,,
36,Practical Zn anodes enabled by a Ti-MOF-derived coating for aqueous batteries?,2022,TiO2/NC,[Ti],[Ti],[Ti],NC1=C(C(=O)O)C=CC(C(=O)O)=C1,[O],0.4,0,0,0.6,0,5,1,,500,,,,,,,
37,In situ zinc citrate on the surface of Zn anode improves the performance of aqueous zinc-ion batteries,2024,c-Zn,[Zn],[Zn],[Zn],O=C(O)CC(O)(CC(=O)O)C(=O)O,[O],0,0,0,0,0,0.8,1,700,,,,,,,,
37,In situ zinc citrate on the surface of Zn anode improves the performance of aqueous zinc-ion batteries,2024,c-Zn,[Zn],[Zn],[Zn],O=C(O)CC(O)(CC(=O)O)C(=O)O,[O],0,0,0,0,0,5,1.68,300,,,,,,,,
37,In situ zinc citrate on the surface of Zn anode improves the performance of aqueous zinc-ion batteries,2024,c-Zn,[Zn],[Zn],[Zn],O=C(O)CC(O)(CC(=O)O)C(=O)O,[O],0,0,0,0,0,20,20,130,,,,,,,,
38,In situ zinc citrate on the surface of Zn anode improves the performance of aqueous zinc-ion batteries,2024,SnO2,[Sn],[Sn],[Sn],[O],[O],0,0,0,0,0,0.25,0.05,300,,,,,,,,
38,In situ zinc citrate on the surface of Zn anode improves the performance of aqueous zinc-ion batteries,2024,SnO2,[Sn],[Sn],[Sn],[O],[O],0,0,0,0,0,10,10,225,,,,,,,,
39,Ultrathin ZrO2 coating layer regulates Zn deposition and raises long-life performance of aqueous Zn batteries,2022,ZrO2,[Zr],[Zr],[Zr],[O],[O],0,0,0,0,0,1,0.5,1800,,,,,,,,
39,Ultrathin ZrO2 coating layer regulates Zn deposition and raises long-life performance of aqueous Zn batteries,2022,ZrO2,[Zr],[Zr],[Zr],[O],[O],0,0,0,0,0,10,1,900,,,,,,,,
39,Ultrathin ZrO2 coating layer regulates Zn deposition and raises long-life performance of aqueous Zn batteries,2022,ZrO2,[Zr],[Zr],[Zr],[O],[O],0,0,0,0,0,0.5,1,,700,0.867,,,,,,
39,Ultrathin ZrO2 coating layer regulates Zn deposition and raises long-life performance of aqueous Zn batteries,2022,ZrO2,[Zr],[Zr],[Zr],[O],[O],0,0,0,0,0,0.5,0.25,2250,,,,,,,,
40,Dynamically Responsive and Ionic Conductive Gel Coatings to Realize the Stable Circulation of Zinc Metal Anodes for Zinc-Ion Batteries,2022,SS,[C],[C],[C],OCC1OC(O)C(O)C(O)C1O,OCC(O)CO,0,0,0,0.5,0.5,2,2,3000,,,,,,,,
40,Dynamically Responsive and Ionic Conductive Gel Coatings to Realize the Stable Circulation of Zinc Metal Anodes for Zinc-Ion Batteries,2022,SS,[C],[C],[C],OCC1OC(O)C(O)C(O)C1O,OCC(O)CO,0,0,0,0.5,0.5,5,2,1800,,,,,,,,
40,Dynamically Responsive and Ionic Conductive Gel Coatings to Realize the Stable Circulation of Zinc Metal Anodes for Zinc-Ion Batteries,2022,SS,[C],[C],[C],OCC1OC(O)C(O)C(O)C1O,OCC(O)CO,0,0,0,0.5,0.5,2,5,1000,,,,,,,,
40,Dynamically Responsive and Ionic Conductive Gel Coatings to Realize the Stable Circulation of Zinc Metal Anodes for Zinc-Ion Batteries,2022,SS,[C],[C],[C],OCC1OC(O)C(O)C(O)C1O,OCC(O)CO,0,0,0,0.5,0.5,2,0.5,,600,0.994,,,,,,
41,Dendrite-Free Zinc Deposition Induced by Zinc-Phytate Coating for Long-Life Aqueous Zinc Batteries,2021,ZP,[C],[C],[C],C=P(O)(O)OC1C(OP(=O)(O)O)C(OP(=O)(O)O)C(OP(=O)(O)O)C(OP(=O)(O)O)C1OP(=O)(O)O,[O],0,0,0,0,0,0.25,0.05,2100,,,,,,,,
41,Dendrite-Free Zinc Deposition Induced by Zinc-Phytate Coating for Long-Life Aqueous Zinc Batteries,2021,ZP,[C],[C],[C],C=P(O)(O)OC1C(OP(=O)(O)O)C(OP(=O)(O)O)C(OP(=O)(O)O)C(OP(=O)(O)O)C1OP(=O)(O)O,[O],0,0,0,0,0,25,5,90,,,,,,,,
42,Agar-Based Interface for Suppressing Parasitic Reactions toward High-Performance Aqueous Zn-Ion Batteries,2024,A,[C],[C],[C],[H][C@]12OC[C@H](OC(C)C1O)C2OC1CCCC(OC)C1O,[O],0,0,0,0,0,2,1,,400,0.995,,,,,,
42,Agar-Based Interface for Suppressing Parasitic Reactions toward High-Performance Aqueous Zn-Ion Batteries,2024,A,[C],[C],[C],[H][C@]12OC[C@H](OC(C)C1O)C2OC1CCCC(OC)C1O,[O],0,0,0,0,0,5,1,,590,0.995,,,,,,
42,Agar-Based Interface for Suppressing Parasitic Reactions toward High-Performance Aqueous Zn-Ion Batteries,2024,A,[C],[C],[C],[H][C@]12OC[C@H](OC(C)C1O)C2OC1CCCC(OC)C1O,[O],0,0,0,0,0,2,1,1100,,,,,,,,
43,Multifunctional Zinc Vanadium Oxide Layer on Metal Anodes Via Ultrathin Surface Coating for Enhanced Stability in Aqueous Zinc-Ion Batteries,2024,ZVO,[V],[V],[V],[O],[O],0,0,0,0,0,2,1,1000,,,,,,,,
43,Multifunctional Zinc Vanadium Oxide Layer on Metal Anodes Via Ultrathin Surface Coating for Enhanced Stability in Aqueous Zinc-Ion Batteries,2024,ZVO,[V],[V],[V],[O],[O],0.33,0,0,0,0,2,1,,300,0.99,,,,,,
44,A stable fluoride-based interphase for a long cycle Zn metal anode in an aqueous zinc ion battery,2022,CaF2,[Ca],[Ca],[Ca],[F-].[NH4+],[O],0.33,0,0,0,0.67,0.25,0.25,4100,,,,,,,,
44,A stable fluoride-based interphase for a long cycle Zn metal anode in an aqueous zinc ion battery,2022,CaF2,[Ca],[Ca],[Ca],[F-].[NH4+],[O],0.33,0,0,0,0.67,1,1,800,,,,,,,,
44,A stable fluoride-based interphase for a long cycle Zn metal anode in an aqueous zinc ion battery,2022,CaF2,[Ca],[Ca],[Ca],[F-].[NH4+],[O],0.33,0,0,0,0.67,4,1.8,700,,,,,,,,
44,A stable fluoride-based interphase for a long cycle Zn metal anode in an aqueous zinc ion battery,2022,CaF2,[Ca],[Ca],[Ca],[F-].[NH4+],[O],0.33,0,0,0,0.67,4.4,1.1,1000,,,,,,,,
44,A stable fluoride-based interphase for a long cycle Zn metal anode in an aqueous zinc ion battery,2022,CaF2,[Ca],[Ca],[Ca],[F-].[NH4+],[O],0,0,0,0,0.67,1,1,,2000,0.99,,,,,,
45,Dendrite-free Zn anodes enabled by a hierarchical zincophilic TiO2 layer for rechargeable aqueous zinc-ion batteries,2022,hmTO-Zn,[Ti],[Ti],[Ti],[O],[O],0,0,0,0,0,0.25,0.05,900,,,,,,,,
45,Dendrite-free Zn anodes enabled by a hierarchical zincophilic TiO2 layer for rechargeable aqueous zinc-ion batteries,2022,hmTO-Zn,[Ti],[Ti],[Ti],[O],[O],0,0,0,0,0,2,0.1,250,,,,,,,,
46,Integrated Micro Space Electrostatic Field in Aqueous Zn-Ion Battery: Scalable Electrospray Fabrication of Porous Crystalline Anode Coating,2023,MCN,[Ti],[Cu],[Cu],NC1=CC=C(C(=O)O)C=C1,O=CC1=CNN=C1,0.1,0.23,0,0.4,0.27,1,10,1200,,,,,,,,
46,Integrated Micro Space Electrostatic Field in Aqueous Zn-Ion Battery: Scalable Electrospray Fabrication of Porous Crystalline Anode Coating,2023,MCN,[Ti],[Cu],[Cu],NC1=CC=C(C(=O)O)C=C1,O=CC1=CNN=C1,0.1,0.23,0,0.4,0.27,1,20,1000,,,,,,,,
46,Integrated Micro Space Electrostatic Field in Aqueous Zn-Ion Battery: Scalable Electrospray Fabrication of Porous Crystalline Anode Coating,2023,MCN,[Ti],[Cu],[Cu],NC1=CC=C(C(=O)O)C=C1,O=CC1=CNN=C1,0.1,0.23,0,0.4,0.27,5,20,,200,0.997,,,,,,
46,Integrated Micro Space Electrostatic Field in Aqueous Zn-Ion Battery: Scalable Electrospray Fabrication of Porous Crystalline Anode Coating,2023,Ti6,[Ti],[Ti],[Ti],NC1=CC=C(C(=O)O)C=C1,[O],0.2,0,0,0.8,0,1,10,160,,,,,,,,
46,Integrated Micro Space Electrostatic Field in Aqueous Zn-Ion Battery: Scalable Electrospray Fabrication of Porous Crystalline Anode Coating,2023,Cu3,[Cu],[Cu],[Cu],O=CC1=CNN=C1,[O],0.45,0,0,0.55,0,1,10,170,,,,,,,,
47,Synergistically Stabilizing Zinc Anodes by Molybdenum Dioxide Coating and Tween 80 Electrolyte Additive for High-Performance Aqueous Zinc-Ion Batteries,2023,MoO2,[Mo],[Mo],[Mo],[O],[O],0,0,0,0,0,1,1,100,,,,,,,,
47,Synergistically Stabilizing Zinc Anodes by Molybdenum Dioxide Coating and Tween 80 Electrolyte Additive for High-Performance Aqueous Zinc-Ion Batteries,2023,MoO2,[Mo],[Mo],[Mo],[O],[O],0,0,0,0,0,1,1,,300,,,,,,,
48,High ionic conductive protection layer on Zn metal anode for enhanced aqueous zinc-ion batteries,2022,Na3Zr 2 Si 2 PO 12,[Zr],[Na],[Na],[O],[O],0,0,0,0,0,0.5,0.5,1300,,,,,,,,
48,High ionic conductive protection layer on Zn metal anode for enhanced aqueous zinc-ion batteries,2022,Na3Zr 2 Si 2 PO 12,[Zr],[Na],[Na],[O],[O],0,0,0,0,0,5,2,1000,,,,,,,,
48,High ionic conductive protection layer on Zn metal anode for enhanced aqueous zinc-ion batteries,2022,Na3Zr 2 Si 2 PO 12,[Zr],[Na],[Na],[O],[O],0,0,0,0,0,0.5,1,,200,,,,,,,
49,Ultrathin surface coating of Cu enabling long-life Zn metal anodes,2024,Cu,[Cu],[Cu],[Cu],[O],[O],0,0,0,0,0,1,1,3100,,,,,,,,
49,Ultrathin surface coating of Cu enabling long-life Zn metal anodes,2024,Cu,[Cu],[Cu],[Cu],[O],[O],0,0,0,0,0,2,2,4000,,,,,,,,
49,Ultrathin surface coating of Cu enabling long-life Zn metal anodes,2024,Cu,[Cu],[Cu],[Cu],[O],[O],0,0,0,0,0,5,1,4000,,,,,,,,
49,Ultrathin surface coating of Cu enabling long-life Zn metal anodes,2024,Cu,[Cu],[Cu],[Cu],[O],[O],0,0,0,0,0,10,1,2000,,,,,,,,
49,Ultrathin surface coating of Cu enabling long-life Zn metal anodes,2024,Cu,[Cu],[Cu],[Cu],[O],[O],0,0,0,0,0,2,1,,700,0.9926,,,,,,
49,Ultrathin surface coating of Cu enabling long-life Zn metal anodes,2024,Cu,[Cu],[Cu],[Cu],[O],[O],0,0,0,0,0,5,1,,1500,0.9987,,,,,,
50,Highly Stable Zn Anodes Modulated by Selenizing In Situ Grown Metal-Organic Frameworks,2022,CM,[Cu],[Cu],[Cu],CC1=NC=CN1,[O],0.3,0,0,0.7,0,2,1,160,,,,,,,,
50,Highly Stable Zn Anodes Modulated by Selenizing In Situ Grown Metal-Organic Frameworks,2022,CM,[Cu],[Cu],[Cu],CC1=NC=CN1,[O],0.3,0,0,0.7,0,2,0.5,,250,,,,,,,
50,Highly Stable Zn Anodes Modulated by Selenizing In Situ Grown Metal-Organic Frameworks,2022,CM,[Cu],[Cu],[Cu],CC1=NC=CN1,[O],0.3,0,0,0.7,0,10,1,200,,,,,,,,
50,Highly Stable Zn Anodes Modulated by Selenizing In Situ Grown Metal-Organic Frameworks,2022,SCM,[Cu],[Cu],[Cu],CC1=NC=CN1,[Se],0.18,0,0,0.42,0.4,2,1,510,,,,,,,,
50,Highly Stable Zn Anodes Modulated by Selenizing In Situ Grown Metal-Organic Frameworks,2022,SCM,[Cu],[Cu],[Cu],CC1=NC=CN1,[Se],0.18,0,0,0.42,0.4,2,0.5,,360,0.968,,,,,,
50,Highly Stable Zn Anodes Modulated by Selenizing In Situ Grown Metal-Organic Frameworks,2022,SCM,[Cu],[Cu],[Cu],CC1=NC=CN1,[Se],0.18,0,0,0.42,0.4,10,1,360,,,,,,,,
51,Achieving a balance of rapid Zn2+ desolvation and hydrogen evolution reaction inertia at the interface of the Zn anode?,2024,CeO2,[Ce],[Ce],[Ce],[O],[O],0,0,0,0,0,2,1,1600,,,,,,,,
51,Achieving a balance of rapid Zn2+ desolvation and hydrogen evolution reaction inertia at the interface of the Zn anode?,2024,CeO2,[Ce],[Ce],[Ce],[O],[O],0,0,0,0,0,5,2.5,750,,,,,,,,
51,Achieving a balance of rapid Zn2+ desolvation and hydrogen evolution reaction inertia at the interface of the Zn anode?,2024,CeO2,[Ce],[Ce],[Ce],[O],[O],0,0,0,0,0,5,10,150,,,,,,,,
51,Achieving a balance of rapid Zn2+ desolvation and hydrogen evolution reaction inertia at the interface of the Zn anode?,2024,CeO2,[Ce],[Ce],[Ce],[O],[O],0,0,0,0,0,20,20,75,,,,,,,,
51,Achieving a balance of rapid Zn2+ desolvation and hydrogen evolution reaction inertia at the interface of the Zn anode?,2024,CeO2,[Ce],[Ce],[Ce],[O],[O],0,0,0,0,0,20,20,,65,,,,,,,
51,Achieving a balance of rapid Zn2+ desolvation and hydrogen evolution reaction inertia at the interface of the Zn anode?,2024,CeO2,[Ce],[Ce],[Ce],[O],[O],0,0,0,0,0,2,1,,2000,,,,,,,
51,Achieving a balance of rapid Zn2+ desolvation and hydrogen evolution reaction inertia at the interface of the Zn anode?,2024,CeO2,[Ce],[Ce],[Ce],[O],[O],0,0,0,0,0,5,10,,65,,,,,,,
51,Achieving a balance of rapid Zn2+ desolvation and hydrogen evolution reaction inertia at the interface of the Zn anode?,2024,CeO2,[Ce],[Ce],[Ce],[O],[O],0,0,0,0,0,5,2.5,,750,,,,,,,
52,Interface engineering of Zn meal anodes using electrochemically inert Al2O3 protective nanocoatings,2022,Al2O3,[Al],[Al],[Al],[O],[O],0,0,0,0,0,1,1,4000,,,,,,,,
52,Interface engineering of Zn meal anodes using electrochemically inert Al2O3 protective nanocoatings,2022,Al2O3,[Al],[Al],[Al],[O],[O],0,0,0,0,0,10,1,1300,,,,,,,,
52,Interface engineering of Zn meal anodes using electrochemically inert Al2O3 protective nanocoatings,2022,Al2O3,[Al],[Al],[Al],[O],[O],0,0,0,0,0,1,1,,150,,,,,,,
52,Interface engineering of Zn meal anodes using electrochemically inert Al2O3 protective nanocoatings,2022,Al2O3,[Al],[Al],[Al],[O],[O],0,0,0,0,0,2,1,2750,,,,,,,,
53,Achieving Ultra-Long Cycle Life ofZn Anode Using ZnSn(OH)6 Coating Layer via Desolvation Effect and Uniform Zn2+ Flux,2024,ZnSn(OH)6,[Zn],[Sn],[Sn],[O],[O],0.33,0.67,0,0,0,1,1,6770,,,,,,,,
53,Achieving Ultra-Long Cycle Life ofZn Anode Using ZnSn(OH)6 Coating Layer via Desolvation Effect and Uniform Zn2+ Flux,2024,ZnSn(OH)6,[Zn],[Sn],[Sn],[O],[O],0.33,0.67,0,0,0,5,1,1000,,,,,,,,
53,Achieving Ultra-Long Cycle Life ofZn Anode Using ZnSn(OH)6 Coating Layer via Desolvation Effect and Uniform Zn2+ Flux,2024,ZnSn(OH)6,[Zn],[Sn],[Sn],[O],[O],0.33,0.67,0,0,0,1,1,,800,0.992,,,,,,
54,Dendrite-Free Zn Anode Modified with Prussian Blue Analog for Ultra Long-Life Zn-Ion Capacitors,2024,PBA,[Zn],[Zn],[Zn],[C-]#C.[C-]#N.[C-]#N.[C-]#N.[C-]#N.[C-]#N.[Fe].[K+].[K+].[K+],[O],0.5,0,0,0.5,0,1,1,1400,,,,,,,,
54,Dendrite-Free Zn Anode Modified with Prussian Blue Analog for Ultra Long-Life Zn-Ion Capacitors,2024,PBA,[Zn],[Zn],[Zn],[C-]#C.[C-]#N.[C-]#N.[C-]#N.[C-]#N.[C-]#N.[Fe].[K+].[K+].[K+],[O],0.5,0,0,0.5,0,2,1,800,,,,,,,,
54,Dendrite-Free Zn Anode Modified with Prussian Blue Analog for Ultra Long-Life Zn-Ion Capacitors,2024,PBA,[Zn],[Zn],[Zn],[C-]#C.[C-]#N.[C-]#N.[C-]#N.[C-]#N.[C-]#N.[Fe].[K+].[K+].[K+],[O],0.5,0,0,0.5,0,20,0.5,250,,,,,,,,
55,Construction of an n- Type Fluorinated ZnO Interfacial Phase for a Stable Anode of Aqueous Zinc-Ion Batteries ,2024,ZnO,[Zn],[Zn],[Zn],[O],[O],0,0,0,0,0,0.5,0.5,750,,,,,,,,
55,Construction of an n- Type Fluorinated ZnO Interfacial Phase for a Stable Anode of Aqueous Zinc-Ion Batteries ,2024,ZnO,[Zn],[Zn],[Zn],[O],[O],0,0,0,0,0,1,1,600,,,,,,,,
55,Construction of an n- Type Fluorinated ZnO Interfacial Phase for a Stable Anode of Aqueous Zinc-Ion Batteries ,2024,F-ZnO,[Zn],[Zn],[Zn],[F],[O],0,0,0,0,0,0.5,0.5,1300,,,,,,,,
55,Construction of an n- Type Fluorinated ZnO Interfacial Phase for a Stable Anode of Aqueous Zinc-Ion Batteries ,2024,F-ZnO,[Zn],[Zn],[Zn],[F],[O],0,0,0,0,0,1,1,1300,,,,,,,,
55,Construction of an n- Type Fluorinated ZnO Interfacial Phase for a Stable Anode of Aqueous Zinc-Ion Batteries ,2024,F-ZnO,[Zn],[Zn],[Zn],[F],[O],0,0,0,0,0,5,2,2000,,,,,,,,
55,Construction of an n- Type Fluorinated ZnO Interfacial Phase for a Stable Anode of Aqueous Zinc-Ion Batteries ,2024,F-ZnO,[Zn],[Zn],[Zn],[F],[O],0,0,0,0,0,4,1,1300,,,,,,,,
55,Construction of an n- Type Fluorinated ZnO Interfacial Phase for a Stable Anode of Aqueous Zinc-Ion Batteries ,2024,F-ZnO,[Zn],[Zn],[Zn],[F],[O],0,0,0,0,0,4,1,,1000,0.9893,,,,,,
56,Insights into the design of zincophilic artificial protective layers enabling uniform nucleation and deposition for stable dendrite-free Zn anodes,2024,ZnS,[Zn],[Zn],[Zn],[O],[O],0,0,0,0,0,0.5,0.5,1600,,,,,,,,
56,Insights into the design of zincophilic artificial protective layers enabling uniform nucleation and deposition for stable dendrite-free Zn anodes,2024,ZnS,[Zn],[Zn],[Zn],[O],[O],0,0,0,0,0,1,0.5,1000,,,,,,,,
56,Insights into the design of zincophilic artificial protective layers enabling uniform nucleation and deposition for stable dendrite-free Zn anodes,2024,ZnS,[Zn],[Zn],[Zn],[O],[O],0,0,0,0,0,1,1,800,,,,,,,,
56,Insights into the design of zincophilic artificial protective layers enabling uniform nucleation and deposition for stable dendrite-free Zn anodes,2024,ZnS,[Zn],[Zn],[Zn],[O],[O],0,0,0,0,0,5,5,600,,,,,,,,
56,Insights into the design of zincophilic artificial protective layers enabling uniform nucleation and deposition for stable dendrite-free Zn anodes,2024,ZnS,[Zn],[Zn],[Zn],[O],[O],0,0,0,0,0,10,1,800,,,,,,,,
56,Insights into the design of zincophilic artificial protective layers enabling uniform nucleation and deposition for stable dendrite-free Zn anodes,2024,ZnS,[Zn],[Zn],[Zn],[O],[O],0,0,0,0,0,1,1,,500,0.999,,,,,,
57,Long-life and highly stable Zn metal anodes achieved by Ag nano-coating via electron beam evaporation,2024,Ag,[Ag],[Ag],[Ag],[O],[O],0,0,0,0,0,1,1,2070,,,,,,,,
57,Long-life and highly stable Zn metal anodes achieved by Ag nano-coating via electron beam evaporation,2024,Ag,[Ag],[Ag],[Ag],[O],[O],0,0,0,0,0,2,1,2000,,,,,,,,
57,Long-life and highly stable Zn metal anodes achieved by Ag nano-coating via electron beam evaporation,2024,Ag,[Ag],[Ag],[Ag],[O],[O],0,0,0,0,0,5,1.25,1580,,,,,,,,
57,Long-life and highly stable Zn metal anodes achieved by Ag nano-coating via electron beam evaporation,2024,Ag,[Ag],[Ag],[Ag],[O],[O],0,0,0,0,0,2,1,,200,0.9895,,,,,,
58,A facile coating strategy for high stability aqueous zinc ion batteries: Porous rutile nano-TiO2 coating on zinc anode,2021,TiO2,[Ti],[Ti],[Ti],[O],[O],0,0,0,0,0,0.4,0.2,140,,,,,,,,
59,Construction of zinc metal-Tin sulfide polarized interface for stable Zn metal batteries,2023,SnS,[Sn],[Sn],[Sn],[O],[O],0,0,0,0,0,1,1,3000,,,,,,,,
59,Construction of zinc metal-Tin sulfide polarized interface for stable Zn metal batteries,2023,SnS,[Sn],[Sn],[Sn],[O],[O],0,0,0,0,0,8,1,,1900,0.9974,,,,,,
59,Construction of zinc metal-Tin sulfide polarized interface for stable Zn metal batteries,2023,SnS,[Sn],[Sn],[Sn],[O],[O],0,0,0,0,0,0.5,0.5,,950,0.9815,,,,,,
60,Superhydrophobic SiO2 coating layer enabling stable and reversible Zn anode for aqueous Zn-ion batteries,2024,SiO2,[C],[C],[C],[O],[O],0,0,0,0,0,0.1,0.1,1500,,,,,,,,
60,Superhydrophobic SiO2 coating layer enabling stable and reversible Zn anode for aqueous Zn-ion batteries,2024,SiO2,[C],[C],[C],[O],[O],0,0,0,0,0,2,4,1200,,,,,,,,
60,Superhydrophobic SiO2 coating layer enabling stable and reversible Zn anode for aqueous Zn-ion batteries,2024,SiO2,[C],[C],[C],[O],[O],0,0,0,0,0,1,1,,360,0.998,,,,,,
60,Superhydrophobic SiO2 coating layer enabling stable and reversible Zn anode for aqueous Zn-ion batteries,2024,SiO2,[C],[C],[C],[O],[O],0,0,0,0,0,20,20,130,,,,,,,,
60,Superhydrophobic SiO2 coating layer enabling stable and reversible Zn anode for aqueous Zn-ion batteries,2024,SiO2,[C],[C],[C],[O],[O],0,0,0,0,0,16,16,160,,,,,,,,
